{
    "\u53a8\u623f": [
        {
            "x": -0.4279227344246886,
            "y": -3.005830278585012,
            "yaw": 0.4869387496727815,
            "z": 0.0
        },
        {
            "x": -0.4355224645910675,
            "y": -3.013407318145257,
            "yaw": -0.409713681761728,
            "z": 0.0
        }
    ]
}